bill_id,state,identifier,title,score_numeric,advanced,derived_status,first_action_date,latest_passage_date,latest_action_date
ocd-bill/96888905-6577-45e4-8a97-9c306d5b2688,Georgia,HB 101,Income tax; change certain definitions,4.0,1,passed_chamber_or_legislature,2023-01-30 00:00:00+00:00,2024-03-26 00:00:00+00:00,2024-03-26 00:00:00+00:00
ocd-bill/6244beb4-eb2a-413c-9a83-bb6bfe38e61c,Georgia,HB 1192,Sales and use tax; certain high-technology data center equipment; prohibit issuance of new certificates of exemption,4.0,1,enacted,2024-02-08 00:00:00+00:00,2024-03-14 00:00:00+00:00,2024-05-07 00:00:00+00:00
ocd-bill/b3079a22-a637-4e05-817b-cd6387718710,Georgia,SB 34,Public Service Commission; costs incurred by an electric utility as a result of providing electric services to commercial data centers from being included in any rates; prohibit,4.0,0,active_in_committee_or_chamber,2025-01-27 00:00:00+00:00,,2026-02-25 00:00:00+00:00
ocd-bill/d384abee-db65-4696-9570-370d88959ac4,Georgia,HB 528,Revenue and taxation; require certain high resource use facilities to provide disclosures regarding community impact and energy and water usage,4.0,0,introduced,2025-02-19 00:00:00+00:00,,2025-02-21 00:00:00+00:00
ocd-bill/595044fd-9b2b-499a-b98a-53fa27423caa,Georgia,HB 559,Sales and use tax; exemption for certain high-technology data center equipment; revise sunset date,7.0,0,introduced,2025-02-20 00:00:00+00:00,,2025-02-21 00:00:00+00:00
ocd-bill/c4ff0d2f-4c9b-4970-b74a-8f237aefe0ab,Georgia,SR 424,Senate Study Committee on Franchise Fees; create,5.0,1,passed_chamber_or_legislature,2025-03-20 00:00:00+00:00,2025-04-02 00:00:00+00:00,2025-04-02 00:00:00+00:00
ocd-bill/4de54aa0-7fe1-4232-b0a6-42d85d11c0d9,Georgia,HR 755,House Study Committee on Electric Franchise Fees for Unincorporated Areas; create,5.0,0,introduced,2025-03-27 00:00:00+00:00,,2025-03-31 00:00:00+00:00
ocd-bill/efdfd9fd-21d8-4f71-8829-62281bf4277c,Georgia,SR 482,Georgia Public Service Commission (PSC); create a study committee; urge,6.0,1,passed_chamber_or_legislature,2025-03-27 00:00:00+00:00,2026-03-31 00:00:00+00:00,2026-03-31 00:00:00+00:00
ocd-bill/87bb32e1-fbc9-4355-8fec-42fe39a06250,Georgia,SB 408,State Sales and Use Taxes; data center equipment sales and use tax exemption; advance the sunset date,7.0,0,active_in_committee_or_chamber,2026-01-15 00:00:00+00:00,,2026-01-16 00:00:00+00:00
ocd-bill/3d0d7fa7-831c-47f7-b7a9-315ea60d3654,Georgia,SB 410,State Sales and Use Taxes; the data center equipment sales and use tax exemption; repeal,3.0,1,passed_chamber_or_legislature,2026-01-15 00:00:00+00:00,2026-03-06 00:00:00+00:00,2026-03-10 00:00:00+00:00
ocd-bill/a2ed69e5-a052-4553-83f7-a3922a9bcd90,Georgia,HB 1012,Local government; construction or development of new data centers for a specified time; prohibit,1.0,0,introduced,2026-01-16 00:00:00+00:00,,2026-01-28 00:00:00+00:00
ocd-bill/f1f3464c-84fd-45be-b454-e0658f67a3b9,Georgia,SB 421,"""The Data Center Transparency Act""; enact",4.0,0,active_in_committee_or_chamber,2026-01-22 00:00:00+00:00,,2026-01-27 00:00:00+00:00
ocd-bill/1915d2ce-9414-494a-bd62-075ca0a4f75f,Georgia,HB 1059,Data Center Impact Assessment and Development Moratorium Act of 2026; enact,1.0,0,introduced,2026-01-28 00:00:00+00:00,,2026-02-02 00:00:00+00:00
ocd-bill/5d325a49-e343-4449-ab00-cf8ee15866c6,Georgia,HB 1063,Electric utilities; protect residential and retail electricity customers from costs associated with data center construction and operation; require,4.0,1,withdrawn,2026-01-28 00:00:00+00:00,2026-02-17 00:00:00+00:00,2026-02-18 00:00:00+00:00
ocd-bill/7584a38f-1bdf-4a17-bc9c-0cf668214965,Georgia,SB 436,"Counties, Municipal Corporations; local governments and political subdivisions from entering into nondisclosure agreements regarding electricity usage or water usage of any entity; prohibit",4.0,0,active_in_committee_or_chamber,2026-01-28 00:00:00+00:00,,2026-01-29 00:00:00+00:00
ocd-bill/09f36304-afb8-42f9-82e3-af888cd009e8,Georgia,SB 476,"""Income Tax Reduction Act of 2026""; enact",3.0,1,passed_chamber_or_legislature,2026-02-06 00:00:00+00:00,2026-02-12 00:00:00+00:00,2026-02-18 00:00:00+00:00
ocd-bill/d90df44e-8a58-40ef-a81d-f50a6f3cbf0b,Georgia,HB 1323,Electrical service; require new data centers to operate as hybrid power data centers,2.0,0,introduced,2026-02-17 00:00:00+00:00,,2026-02-19 00:00:00+00:00
ocd-bill/5fa7bcc4-8793-4751-a174-86f5bd874c15,Georgia,SB 530,Georgia Property Tax Fairness Fund; create,3.0,0,active_in_committee_or_chamber,2026-02-18 00:00:00+00:00,,2026-02-19 00:00:00+00:00
ocd-bill/936f2bc0-7156-4509-80ad-9959c022bba7,Georgia,SR 811,Georgia Property Tax Fairness Fund; General Assembly shall be authorized to provide by law to expend or authorize the expenditure of public funds; provide -CA,4.0,0,active_in_committee_or_chamber,2026-02-18 00:00:00+00:00,,2026-02-19 00:00:00+00:00
ocd-bill/9b76ffb5-275d-456f-b376-7ac90f8b533d,Georgia,HB 1387,Ad valorem tax; state-wide homestead exemption in an amount as determined from proceeds generated from collection of certain ad valorem property taxes on data centers,4.0,0,introduced,2026-02-19 00:00:00+00:00,,2026-02-24 00:00:00+00:00
ocd-bill/2d7a4588-7e40-490c-bba8-fef8bdeaf9dc,Georgia,HB 1468,Georgia Property Tax Fairness Fund; create,4.0,0,introduced,2026-02-25 00:00:00+00:00,,2026-03-03 00:00:00+00:00
ocd-bill/a8a638ab-e0f5-4c8e-b212-49e86fec9cea,Georgia,HR 1503,General Assembly; expend or authorize expenditure of public funds for Georgia Property Tax Fairness Fund; provide by law - CA,5.0,0,introduced,2026-02-25 00:00:00+00:00,,2026-03-03 00:00:00+00:00
ocd-bill/ddc52e28-cf8e-40de-a243-a14ab21f0ff3,New York,A 51,Establishes the New York state clean energy tech production program,6.0,0,active_in_committee_or_chamber,2023-01-04 00:00:00+00:00,,2024-01-03 00:00:00+00:00
ocd-bill/755a20b2-aebf-4472-8b74-0d8fe150e73e,New York,S 458,Relates to defining community significant projects and including such projects in the excelsior jobs program,8.0,0,active_in_committee_or_chamber,2023-01-04 00:00:00+00:00,,2024-01-03 00:00:00+00:00
ocd-bill/c6aa4009-06de-4920-bfa2-5ab3d1163aba,New York,A 1052,Provides for the development and creation of distributed ledger technology and business entities that develop such technology,7.0,0,active_in_committee_or_chamber,2023-01-13 00:00:00+00:00,,2024-01-03 00:00:00+00:00
ocd-bill/af5f4e68-607b-4e1a-9b3a-172a01dca52d,New York,A 1361,Relates to defining community significant projects and including such projects in the excelsior jobs program,7.0,0,active_in_committee_or_chamber,2023-01-17 00:00:00+00:00,,2024-01-10 00:00:00+00:00
ocd-bill/8229f7bd-c083-465c-a483-0a6bc382e87e,New York,S 2026,Expands the excelsior jobs program and certain incentives for medical equipment projects within such program,7.0,0,active_in_committee_or_chamber,2023-01-18 00:00:00+00:00,,2024-05-06 00:00:00+00:00
ocd-bill/decdca9a-b396-4a42-a2da-7a5fcc781373,New York,A 2398,Relates to developing microgrids in preparation for extreme weather events and other risks to public security,7.0,0,active_in_committee_or_chamber,2023-01-26 00:00:00+00:00,,2024-02-09 00:00:00+00:00
ocd-bill/6b7a5a66-051e-453a-bd49-83c3c70cec5c,New York,S 3188,Relates to establishing the energy performance benchmarking program,5.0,0,active_in_committee_or_chamber,2023-01-30 00:00:00+00:00,,2024-01-03 00:00:00+00:00
ocd-bill/ff62bffc-d07e-45c1-9aba-4f494f4af529,New York,A 3504,Establishes a clean and resilient energy program,8.0,0,active_in_committee_or_chamber,2023-02-03 00:00:00+00:00,,2024-01-03 00:00:00+00:00
ocd-bill/ab432cb4-31df-4def-85ba-3099b56b3f6c,New York,S 4579,Relates to developing microgrids in preparation for extreme weather events and other risks to public security,8.0,1,active_in_committee_or_chamber,2023-02-10 00:00:00+00:00,,2024-06-07 00:00:00+00:00
ocd-bill/940fcf7a-104f-480d-bcc1-66fd4ccc8cfa,New York,S 4946,Establishes a clean and resilient energy program,7.0,0,active_in_committee_or_chamber,2023-02-17 00:00:00+00:00,,2024-01-03 00:00:00+00:00
ocd-bill/82c87615-757d-4c83-9760-07de5f26b9b1,New York,A 8808,"Enacts into law major components of legislation necessary to implement the state transportation, economic development and environmental conservation budget for the 2024-2025 state fiscal year",8.0,1,enacted,2024-01-17 00:00:00+00:00,2024-04-18 00:00:00+00:00,2024-04-20 00:00:00+00:00
ocd-bill/67233faf-7318-4839-b91b-670cabee3880,New York,S 8308,"Enacts into law major components of legislation necessary to implement the state transportation, economic development and environmental conservation budget for the 2024-2025 state fiscal year",8.0,1,active_in_committee_or_chamber,2024-01-17 00:00:00+00:00,,2024-04-18 00:00:00+00:00
ocd-bill/d92a1b33-e8c4-4df0-b138-e78e5cf1586d,New York,S 9960,Relates to the regulation of energy consumption by data centers,3.0,0,active_in_committee_or_chamber,2024-12-13 00:00:00+00:00,,2024-12-13 00:00:00+00:00
ocd-bill/52497711-2566-479d-817d-86ef8f5b994b,New York,S 248,Relates to defining community significant projects and including such projects in the excelsior jobs program,7.0,0,active_in_committee_or_chamber,2025-01-08 00:00:00+00:00,,2026-01-07 00:00:00+00:00
ocd-bill/c1f1f18d-9b0a-4ee7-8f17-795d2eb7bb6f,New York,S 97,"Enacts the ""build to need act""",6.0,0,active_in_committee_or_chamber,2025-01-08 00:00:00+00:00,,2026-01-07 00:00:00+00:00
ocd-bill/396f2e7e-637c-40c4-a628-c746565dcc18,New York,S 2478,Establishes a clean and resilient energy program,7.0,0,active_in_committee_or_chamber,2025-01-21 00:00:00+00:00,,2026-01-07 00:00:00+00:00
ocd-bill/9c34938b-16f0-4746-9c68-b4bd0f19eb25,New York,A 4559,"Enacts the ""build to need act""",7.0,0,active_in_committee_or_chamber,2025-02-04 00:00:00+00:00,,2026-01-07 00:00:00+00:00
ocd-bill/de1e7746-1d99-42cc-b8e0-7a266d50e932,New York,A 6461,Provides for the development and creation of distributed ledger technology and business entities that develop such technology,7.0,0,active_in_committee_or_chamber,2025-03-05 00:00:00+00:00,,2026-01-07 00:00:00+00:00
ocd-bill/c4a474bf-4c43-4a74-914d-0176ce720aee,New York,S 6394,Relates to the regulation of energy consumption by data centers,3.0,1,active_in_committee_or_chamber,2025-03-13 00:00:00+00:00,,2026-05-30 00:00:00+00:00
ocd-bill/7592d3d2-d29a-4ce0-9449-0c192478c9c3,New York,A 7806,Establishes a clean and resilient energy program,8.0,0,active_in_committee_or_chamber,2025-04-11 00:00:00+00:00,,2026-01-07 00:00:00+00:00
ocd-bill/cd6f3418-18b5-40d6-b5ad-25adedcfa424,New York,S 7429,Relates to establishing the energy performance benchmarking program,5.0,0,active_in_committee_or_chamber,2025-04-16 00:00:00+00:00,,2025-04-16 00:00:00+00:00
ocd-bill/2881e691-05cc-4184-bb66-2f272e8b0b38,New York,S 8037,"Establishes a datacenter utility rate classification, providing targeted congestion management incentives for upstate New York, and regulating off-grid power connections for datacenter operations",6.0,0,active_in_committee_or_chamber,2025-05-15 00:00:00+00:00,,2026-01-07 00:00:00+00:00
ocd-bill/5bffcbdb-3a24-40bc-bdf1-be858e2dd636,New York,A 9039,"Establishes the ""accountability of costs for data centers act""",4.0,0,active_in_committee_or_chamber,2025-09-05 00:00:00+00:00,,2026-06-01 00:00:00+00:00
ocd-bill/ddb65e97-307f-4256-8b35-f54c96cfa28d,New York,A 9064,Prohibits electric corporations and gas corporations from increasing charges due to the building or operation of a data center,4.0,0,active_in_committee_or_chamber,2025-09-05 00:00:00+00:00,,2026-01-07 00:00:00+00:00
ocd-bill/82aab4cb-8b1e-4686-98da-0f8d8218694c,New York,A 9086,Relates to the regulation of energy consumption by data centers,4.0,0,active_in_committee_or_chamber,2025-09-12 00:00:00+00:00,,2026-06-01 00:00:00+00:00
ocd-bill/5afcec76-b79b-412b-820f-3a2bb888aded,New York,A 9107,Directs the public service commission to provide a class of service for facilities that use large amounts of energy; and repeals certain provisions upon the expiration thereof,4.0,0,active_in_committee_or_chamber,2025-09-26 00:00:00+00:00,,2026-01-07 00:00:00+00:00
ocd-bill/3ed564db-7432-4705-ba5f-3c47dd7d84f2,New York,A 9136,Requires new data centers to incorporate thermal energy networks,4.0,0,active_in_committee_or_chamber,2025-10-17 00:00:00+00:00,,2026-01-07 00:00:00+00:00
ocd-bill/0a0e33a7-80d0-44ea-a949-116ad5880c81,New York,S 8536,Prohibits electric corporations and gas corporations from increasing charges due to the building or operation of a data center,4.0,0,active_in_committee_or_chamber,2025-10-20 00:00:00+00:00,,2026-01-07 00:00:00+00:00
ocd-bill/bcd26c80-7030-40ff-a5d1-e515b69a295c,New York,S 8540,"Establishes the ""accountability of costs for data centers act""",3.0,0,active_in_committee_or_chamber,2025-10-22 00:00:00+00:00,,2026-05-29 00:00:00+00:00
ocd-bill/4d73551f-e382-4d5e-9539-6709262b0f9f,New York,S 8546,Establishes a grid modernization surcharge,3.0,0,active_in_committee_or_chamber,2025-10-24 00:00:00+00:00,,2026-01-07 00:00:00+00:00
ocd-bill/736c937c-64d1-4c6b-9a7d-5b668b7fd8b1,New York,A 9297,Provides a host community benefit for customers in a host community where data centers are expanded or placed,4.0,1,passed_chamber_or_legislature,2025-12-10 00:00:00+00:00,2026-05-18 00:00:00+00:00,2026-05-18 00:00:00+00:00
ocd-bill/7bc7956b-ab2a-494f-844b-b2bab805b5ee,New York,S 8645,"Authorizes ORES to issue siting permits for battery energy storage systems for use by data centers, and requires data centers to submit carbon reduction plans",6.0,0,active_in_committee_or_chamber,2026-01-07 00:00:00+00:00,,2026-01-07 00:00:00+00:00
ocd-bill/50c770bc-688f-4082-b7a0-0493ad5ae7c6,New York,A 10049,Establishes a grid modernization surcharge,4.0,0,active_in_committee_or_chamber,2026-01-30 00:00:00+00:00,,2026-01-30 00:00:00+00:00
ocd-bill/eac538cc-c2d5-480f-8082-dc08b4a992d8,New York,S 9144,Imposes a moratorium on data center permit issuance; and relates to data center rate impacts,1.0,0,active_in_committee_or_chamber,2026-02-06 00:00:00+00:00,,2026-05-12 00:00:00+00:00
ocd-bill/90f8741e-9640-47db-900c-35101428b855,New York,A 10141,Imposes a moratorium on data center permit issuance; and relates to data center rate impacts,1.0,0,active_in_committee_or_chamber,2026-02-09 00:00:00+00:00,,2026-05-12 00:00:00+00:00
ocd-bill/e58b76f4-27e1-4630-b037-6024d11c9295,New York,S 9182,Enacts the stop subsidizing data centers act,2.0,0,active_in_committee_or_chamber,2026-02-11 00:00:00+00:00,,2026-05-22 00:00:00+00:00
ocd-bill/34250a08-8316-4c27-9aa3-e09ed9bccfbe,New York,A 10216,Repeals paragraph 37 of subdivision (a) of section 1115 of the tax law and subdivision (y) of section 1115 of the tax law relating to sale and use taxes with respect to data centers,3.0,0,active_in_committee_or_chamber,2026-02-12 00:00:00+00:00,,2026-02-12 00:00:00+00:00
ocd-bill/94fa6cd8-3b80-42dd-a76d-23088787d66b,New York,S 9288,Repeals paragraph 37 of subdivision (a) of section 1115 of the tax law and subdivision (y) of section 1115 of the tax law relating to sale and use taxes with respect to data centers,3.0,0,active_in_committee_or_chamber,2026-02-25 00:00:00+00:00,,2026-02-25 00:00:00+00:00
ocd-bill/48ae01bd-49c7-4aa7-83b9-4ef648384690,New York,A 10852,Enacts the stop subsidizing data centers act,2.0,0,active_in_committee_or_chamber,2026-04-08 00:00:00+00:00,,2026-05-21 00:00:00+00:00
ocd-bill/1fd943f4-1162-4884-842d-b6a8199ceab7,New York,A 11147,Relates to defining community significant projects and including such projects in the excelsior jobs program,7.0,0,active_in_committee_or_chamber,2026-04-27 00:00:00+00:00,,2026-04-27 00:00:00+00:00
ocd-bill/500f789f-8007-4605-9669-1a1af46e7ec7,New York,A 11419,Relates to establishing guidelines for the connection of utility service for high-usage customers,6.0,0,active_in_committee_or_chamber,2026-05-15 00:00:00+00:00,,2026-05-15 00:00:00+00:00
ocd-bill/390a9c01-6827-4db7-9d28-8c275c43e117,New York,A 11423,Relates to prohibiting the use of nondisclosure agreements to prevent disclosure of information relating to environmental and health impacts of certain infrastructure and energy development projects,4.0,0,active_in_committee_or_chamber,2026-05-15 00:00:00+00:00,,2026-05-15 00:00:00+00:00
ocd-bill/e91fdd8a-7223-4dd5-9028-8eb5927217b8,New York,S 10487,"Enacts the ""data center water stewardship and reuse act""",4.0,0,active_in_committee_or_chamber,2026-05-15 00:00:00+00:00,,2026-05-15 00:00:00+00:00
ocd-bill/2fb66d72-5a66-46c1-8118-7f9d8cfc306d,New York,S 10546,Enacts the homegrown energy act,4.0,0,active_in_committee_or_chamber,2026-05-20 00:00:00+00:00,,2026-05-20 00:00:00+00:00
ocd-bill/b7c4d91a-54d5-4bbc-970a-646704a05c19,New York,A 11560,Enacts the responsible data center development act,1.0,1,passed_chamber_or_legislature,2026-06-01 00:00:00+00:00,2026-06-04 00:00:00+00:00,2026-06-04 00:00:00+00:00
ocd-bill/8fe5c79e-6507-4bf3-9d38-dcc42bb5d0e6,New York,S 10642,Enacts the responsible data center development act,1.0,0,active_in_committee_or_chamber,2026-06-01 00:00:00+00:00,,2026-06-04 00:00:00+00:00
ocd-bill/08b3ea01-0df5-4cff-90d5-8d7d1ab83e94,Virginia,SB 1078,"Siting of data centers; impacts on resources, site assessment.",4.0,0,active_in_committee_or_chamber,2023-01-09 00:00:00+00:00,,2023-02-03 00:00:00+00:00
ocd-bill/8406fc10-6bc9-46c6-b2c1-7f39cff7d3b8,Virginia,SJ 240,"Data center development; DOE to study impact on Virginia's environment, etc., cryptocurrency mining.",5.0,1,passed_chamber_or_legislature,2023-01-09 00:00:00+00:00,2023-02-06 00:00:00+00:00,2023-02-22 00:00:00+00:00
ocd-bill/ac2db1af-31d0-4df7-b5a2-a5602739106d,Virginia,HB 1797,Renewable energy; offshore wind development.,6.0,1,passed_chamber_or_legislature,2023-01-10 00:00:00+00:00,2023-02-07 00:00:00+00:00,2023-02-20 00:00:00+00:00
ocd-bill/4cabe893-121b-4329-a678-0d4d22c76de2,Virginia,HB 1974,Electric utilities; underground transmission lines.,7.0,0,active_in_committee_or_chamber,2023-01-10 00:00:00+00:00,,2023-01-31 00:00:00+00:00
ocd-bill/22c03505-82fa-4c91-a512-a2e6c94a825f,Virginia,HB 1986,Stormwater management regulations; enterprise data center operations.,4.0,0,active_in_committee_or_chamber,2023-01-10 00:00:00+00:00,,2023-02-07 00:00:00+00:00
ocd-bill/e2ea9ebd-d14d-42bf-ae74-89cd6996320e,Virginia,HB 2026,"Renewable energy; biomass-fired facilities, Department of Forestry advisory panel, report.",6.0,1,enacted,2023-01-10 00:00:00+00:00,2023-02-25 00:00:00+00:00,2023-05-12 00:00:00+00:00
ocd-bill/5662bfe4-d191-4f20-b3ce-f62b26977a17,Virginia,HJ 522,"Data center development; DOE to study impacts on Virginia's environment, etc.",5.0,0,active_in_committee_or_chamber,2023-01-10 00:00:00+00:00,,2023-02-07 00:00:00+00:00
ocd-bill/120fb995-d448-41b0-abd8-da94c4df0e9e,Virginia,SB 1125,"Renewable energy portfolio standard requirements; State Corporation Commission authority, report.",6.0,0,active_in_committee_or_chamber,2023-01-10 00:00:00+00:00,,2023-01-30 00:00:00+00:00
ocd-bill/62121f50-4ff4-4ad7-ae7f-be27a66bec3e,Virginia,SB 1231,"Renewable energy; biomass-fired facilities, Department of Forestry advisory panel, report.",6.0,1,enacted,2023-01-10 00:00:00+00:00,2023-03-08 00:00:00+00:00,2023-05-12 00:00:00+00:00
ocd-bill/b5e458b1-8d6a-449a-947e-80e5e79f10f3,Virginia,SB 1265,"Virginia Electric Utility Regulation Act; retail competitiveness, review proceedings, etc.",7.0,1,enacted,2023-01-10 00:00:00+00:00,2023-04-12 00:00:00+00:00,2023-04-12 00:00:00+00:00
ocd-bill/4f76fedd-c531-4529-a45f-4e29bd3d6766,Virginia,SB 1294,"Retail Sales and Use Tax; removes June 30, 2035, sunset on local exemption for data centers.",9.0,0,active_in_committee_or_chamber,2023-01-10 00:00:00+00:00,,2023-02-01 00:00:00+00:00
ocd-bill/06e25c91-244a-4e57-b49d-67c222c4528b,Virginia,SB 1332,Federally recognized Tribal Nations in the Commonwealth; consultation on permits and reviews.,4.0,1,passed_chamber_or_legislature,2023-01-10 00:00:00+00:00,2023-02-02 00:00:00+00:00,2023-02-22 00:00:00+00:00
ocd-bill/8a2dd8bc-a4c6-4cca-9002-8dc1a14b71ff,Virginia,HB 2197,Va. Electric Utility Regulation Act; eligible sources for renewable energy portfolio standard prog.,6.0,1,passed_chamber_or_legislature,2023-01-11 00:00:00+00:00,2023-02-06 00:00:00+00:00,2023-02-20 00:00:00+00:00
ocd-bill/b6d79308-2317-4bf8-a340-4d5927b98210,Virginia,HB 2311,Virginia Electric Utility Regulation Act; eligible sources for renewable energy.,6.0,0,active_in_committee_or_chamber,2023-01-11 00:00:00+00:00,,2023-02-07 00:00:00+00:00
ocd-bill/5554d982-58d7-4bfb-80e1-1dee06345b0d,Virginia,SB 1419,"Electric utilities; retail competition, renewable energy.",6.0,0,active_in_committee_or_chamber,2023-01-11 00:00:00+00:00,,2023-01-23 00:00:00+00:00
ocd-bill/08885217-a9b2-45df-9b99-2fc7ddc7df26,Virginia,SB 1441,"Offshore wind capacity; development, cost recovery.",7.0,1,enacted,2023-01-11 00:00:00+00:00,2023-02-24 00:00:00+00:00,2023-05-12 00:00:00+00:00
ocd-bill/e059df86-f37d-42b7-a866-321f74e43ccb,Virginia,HB 2334,"Retail Sales and Use Tax; exemption for oil and gas drilling equipment, extends sunset provision.",8.0,1,enacted,2023-01-12 00:00:00+00:00,2023-02-16 00:00:00+00:00,2023-03-21 00:00:00+00:00
ocd-bill/9a5ccc3b-449b-41df-8633-098f6d743ba9,Virginia,SB 1477,Electric utility; offshore wind affiliate.,7.0,1,enacted,2023-01-18 00:00:00+00:00,2023-03-08 00:00:00+00:00,2023-03-24 00:00:00+00:00
ocd-bill/a85593c9-cfae-4c81-838d-b0326b38f362,Virginia,HB 2444,"Offshore wind capacity; development, cost recovery.",7.0,1,enacted,2023-01-20 00:00:00+00:00,2023-02-23 00:00:00+00:00,2023-05-12 00:00:00+00:00
ocd-bill/802b176b-ad65-4650-8ea1-3804daead1eb,Virginia,HB 2479,Cloud Computing Cluster Infrastructure Grant Fund; created.,8.0,1,enacted,2023-01-20 00:00:00+00:00,2023-03-08 00:00:00+00:00,2023-03-27 00:00:00+00:00
ocd-bill/769c4f9f-d7f1-4d25-a2dc-4202e0250d7b,Virginia,SB 1522,Cloud Computing Cluster Infrastructure Grant Fund; created.,8.0,1,enacted,2023-01-20 00:00:00+00:00,2023-03-08 00:00:00+00:00,2023-03-26 00:00:00+00:00
ocd-bill/25725b34-209e-4eb8-b8f6-f8003226e84a,Virginia,HB 109,"Electric utilities; regional transmission entities, annual report.",5.0,1,passed_chamber_or_legislature,2024-01-01 00:00:00+00:00,2024-02-12 00:00:00+00:00,2024-03-04 00:00:00+00:00
ocd-bill/f723ae65-c2de-4b4e-84ef-ac6795efd37f,Virginia,HB 116,Retail Sales and Use tax; exemption for data centers.,7.0,0,active_in_committee_or_chamber,2024-01-01 00:00:00+00:00,,2024-02-07 00:00:00+00:00
ocd-bill/cb1b350e-c19e-4e56-8301-085c3ad015fc,Virginia,HB 116,Retail Sales and Use tax; exemption for data centers.,7.0,0,active_in_committee_or_chamber,2024-01-01 00:00:00+00:00,,2024-11-18 00:00:00+00:00
ocd-bill/80549db4-fd34-460b-993e-cb86a92c0005,Virginia,HB 337,Siting of data centers; impacts on resources and historically significant sites.,3.0,1,active_in_committee_or_chamber,2024-01-05 00:00:00+00:00,,2024-02-13 00:00:00+00:00
ocd-bill/b0125c20-a8cf-4188-a607-5d0f18d3bcca,Virginia,HB 338,Siting of data centers; locality may perform site assessment before approval.,4.0,1,passed_chamber_or_legislature,2024-01-05 00:00:00+00:00,2024-02-13 00:00:00+00:00,2024-02-28 00:00:00+00:00
ocd-bill/f45fb574-3c84-4dd3-9c90-dc372d1d00b4,Virginia,HB 338,Siting of data centers; locality may perform site assessment before approval.,4.0,1,passed_chamber_or_legislature,2024-01-05 00:00:00+00:00,2024-02-13 00:00:00+00:00,2024-11-19 00:00:00+00:00
ocd-bill/9e8a9f13-a86d-4fb3-b8f5-2e4b5c138ee7,Virginia,HB 340,Electric utilities; underground transmission lines.,7.0,1,active_in_committee_or_chamber,2024-01-05 00:00:00+00:00,,2024-02-13 00:00:00+00:00
ocd-bill/7666aef1-5c62-4e32-88cf-f921a4c17a9a,Virginia,HB 402,"Electric utilities; retail competition for purchase and sale of electric energy, etc.",7.0,1,active_in_committee_or_chamber,2024-01-08 00:00:00+00:00,,2024-01-25 00:00:00+00:00
ocd-bill/758faf0c-d14c-43f6-a258-197015af27f3,Virginia,SB 191,"Electric utilities; data center demand, allocation of costs among customer classes.",4.0,1,active_in_committee_or_chamber,2024-01-08 00:00:00+00:00,,2024-02-05 00:00:00+00:00
ocd-bill/8fe668c3-bd20-4c7f-aec1-1330b41caea6,Virginia,SB 191,"Electric utilities; data center demand, allocation of costs among customer classes.",4.0,1,active_in_committee_or_chamber,2024-01-08 00:00:00+00:00,,2024-11-18 00:00:00+00:00
ocd-bill/97d7333d-11e2-4174-a4d5-5837fa61ba53,Virginia,SB 192,Retail Sales and Use Tax; certain exemption for data centers.,6.0,1,active_in_committee_or_chamber,2024-01-08 00:00:00+00:00,,2024-11-19 00:00:00+00:00
ocd-bill/d4c8b543-599e-4b51-8460-5aefccdf97aa,Virginia,HB 875,Tangible personal property; automobile assessment.,5.0,1,active_in_committee_or_chamber,2024-01-09 00:00:00+00:00,,2024-02-13 00:00:00+00:00
ocd-bill/19381769-c46e-49cb-84f6-4e371c11bf80,Virginia,HB 910,Data centers; energy usage.,5.0,0,active_in_committee_or_chamber,2024-01-09 00:00:00+00:00,,2024-02-01 00:00:00+00:00
ocd-bill/b1f44ef5-d9e7-493a-8d8f-d7d6d32dcd36,Virginia,HB 910,Data centers; energy usage.,5.0,0,active_in_committee_or_chamber,2024-01-09 00:00:00+00:00,,2024-11-18 00:00:00+00:00
ocd-bill/ea51f8ca-1131-4566-afce-885b4274a7cc,Virginia,HB 973,"Tangible personal property tax; classification, satellite equipment.",6.0,1,active_in_committee_or_chamber,2024-01-09 00:00:00+00:00,,2024-02-13 00:00:00+00:00
ocd-bill/744529e4-b9dd-4423-8ecc-55e58b15ebd0,Virginia,HB 975,Electric utilities; notice required for customer return to service.,6.0,0,active_in_committee_or_chamber,2024-01-09 00:00:00+00:00,,2024-02-08 00:00:00+00:00
ocd-bill/c35951d0-a0a2-4cc2-a031-b78d1f6599fe,Virginia,HB 991,Gambling data; use of Cloud Technology.,7.0,1,enacted,2024-01-09 00:00:00+00:00,2024-03-07 00:00:00+00:00,2024-04-02 00:00:00+00:00
ocd-bill/e34441c9-8a27-48ca-b1cc-13f1e09135df,Virginia,SB 284,Siting of data centers; impacts on resources and historically significant sites.,3.0,1,active_in_committee_or_chamber,2024-01-09 00:00:00+00:00,,2024-02-07 00:00:00+00:00
ocd-bill/226bb19f-a641-4625-80ec-54367292a6b1,Virginia,SB 284,Siting of data centers; impacts on resources and historically significant sites.,3.0,1,active_in_committee_or_chamber,2024-01-09 00:00:00+00:00,,2024-11-19 00:00:00+00:00
ocd-bill/e90ec701-9228-4844-ab26-1587a3ce13ae,Virginia,SB 285,Siting of data centers; site assessment.,4.0,1,active_in_committee_or_chamber,2024-01-09 00:00:00+00:00,,2024-11-19 00:00:00+00:00
ocd-bill/e97c03d8-2b30-435c-89fd-a34e68599c89,Virginia,SB 285,Siting of data centers; site assessment.,4.0,1,active_in_committee_or_chamber,2024-01-09 00:00:00+00:00,,2024-02-07 00:00:00+00:00
ocd-bill/227c02a8-d1ce-4f3d-9a0c-0175cfe1c659,Virginia,SB 288,Data centers; noise abatement.,4.0,0,active_in_committee_or_chamber,2024-01-09 00:00:00+00:00,,2024-01-29 00:00:00+00:00
ocd-bill/1074c61d-5b28-49a7-8a6e-c4a5e308ea06,Virginia,SB 289,Stormwater management regulations; enterprise data center operations.,4.0,1,active_in_committee_or_chamber,2024-01-09 00:00:00+00:00,,2024-01-31 00:00:00+00:00
ocd-bill/42e09ce5-a346-4328-8634-d341fe10141c,Virginia,SB 289,Stormwater management regulations; enterprise data center operations.,4.0,1,active_in_committee_or_chamber,2024-01-09 00:00:00+00:00,,2024-11-18 00:00:00+00:00
ocd-bill/1bd123c8-254b-4cb2-b89c-8b7765adfe82,Virginia,HB 1010,"Data centers; sitings near parks, schools, and residential areas.",4.0,1,active_in_committee_or_chamber,2024-01-10 00:00:00+00:00,,2024-02-13 00:00:00+00:00
ocd-bill/8a7b5435-c531-43a2-89b2-a0a4e5a4547a,Virginia,HB 1288,Public utilities; classification of customers.,6.0,0,active_in_committee_or_chamber,2024-01-10 00:00:00+00:00,,2024-02-01 00:00:00+00:00
ocd-bill/5aa81e96-f374-4da6-bf9f-2f074574fb54,Virginia,HJ 64,Localities hosting data center infrastructure; DHCD to study revenue sharing program.,5.0,0,active_in_committee_or_chamber,2024-01-10 00:00:00+00:00,,2024-11-18 00:00:00+00:00
ocd-bill/e82ef046-eae7-4ba7-82fb-9ae19bf5d90e,Virginia,HJ 64,Localities hosting data center infrastructure; DHCD to study revenue sharing program.,5.0,0,active_in_committee_or_chamber,2024-01-10 00:00:00+00:00,,2024-02-01 00:00:00+00:00
ocd-bill/e7abcda7-59e6-4380-b9ce-1c9de51f47d3,Virginia,SB 664,Electric utilities; electric distribution infrastructure serving data centers.,5.0,1,active_in_committee_or_chamber,2024-01-16 00:00:00+00:00,,2024-02-09 00:00:00+00:00
ocd-bill/19d112a2-766f-4735-9ff9-8306debd3b26,Virginia,SB 664,Electric utilities; electric distribution infrastructure serving data centers.,5.0,1,active_in_committee_or_chamber,2024-01-16 00:00:00+00:00,,2024-11-18 00:00:00+00:00
ocd-bill/3a2acf40-fb8b-4acb-b8b1-579292ebd4e4,Virginia,SB 667,Cloud Computing Cluster Infrastructure Grant Fund; performance agreement.,8.0,0,active_in_committee_or_chamber,2024-01-16 00:00:00+00:00,,2024-01-31 00:00:00+00:00
ocd-bill/f56be0e8-8def-4936-a56b-ff1d54f3ddbf,Virginia,HB 1400,"Retail Sales and Use Tax; commercial and industrial exemptions, extends sunset date.",8.0,1,active_in_committee_or_chamber,2024-01-17 00:00:00+00:00,,2024-02-13 00:00:00+00:00
ocd-bill/8055ea10-378e-4240-9092-270640b401b3,Virginia,HB 1411,Motor vehicle sales and use tax; definition of sale price.,6.0,1,active_in_committee_or_chamber,2024-01-17 00:00:00+00:00,,2024-02-13 00:00:00+00:00
ocd-bill/60140949-4e78-4a4a-bd74-f33734f3ff11,Virginia,SB 688,"Offshore wind capacity; development, prohibited cost recovery.",7.0,1,active_in_committee_or_chamber,2024-01-18 00:00:00+00:00,,2024-02-05 00:00:00+00:00
ocd-bill/0c263fbe-72ba-4967-bc4f-90fa84fc1187,Virginia,HB 1546,Data centers; sales and use tax exemption for certain equipment or enabling software.,8.0,0,active_in_committee_or_chamber,2024-01-19 00:00:00+00:00,,2024-02-07 00:00:00+00:00
ocd-bill/ba58d44c-953d-484a-8ee2-ebf56ff2ba47,Virginia,HB 1546,Data centers; sales and use tax exemption for certain equipment or enabling software.,8.0,0,active_in_committee_or_chamber,2024-01-19 00:00:00+00:00,,2024-11-18 00:00:00+00:00
ocd-bill/e36c0727-e4ba-44be-81e1-ea87f3cbbe79,Virginia,HB 1601,Data centers; site assessment for high energy use facility.,4.0,1,vetoed,2025-01-03 00:00:00+00:00,2025-03-10 00:00:00+00:00,2025-05-02 00:00:00+00:00
ocd-bill/eed11ea6-6eb9-4bc0-9baa-764f95816e8d,Virginia,SB 899,High electric demand facility; locality may include in its zoning ordinance water use estimate.,4.0,1,failed,2025-01-05 00:00:00+00:00,,2025-01-30 00:00:00+00:00
ocd-bill/99ef626e-f9bc-4cc7-83b3-516b0a281fee,Virginia,SB 960,Electric utilities; data center cost allocation.,4.0,1,passed_chamber_or_legislature,2025-01-06 00:00:00+00:00,2025-02-18 00:00:00+00:00,2025-02-22 00:00:00+00:00
ocd-bill/6a14f0bf-495d-4582-85a9-01a0593203be,Virginia,HB 1984,"Data centers; sitings near parks, schools, and residential areas.",3.0,1,active_in_committee_or_chamber,2025-01-07 00:00:00+00:00,,2025-02-04 00:00:00+00:00
ocd-bill/5379817b-853c-4d65-8c86-537c9abd4763,Virginia,HB 2026,Data centers; industrial zoning.,4.0,1,active_in_committee_or_chamber,2025-01-07 00:00:00+00:00,,2025-02-04 00:00:00+00:00
ocd-bill/64216d7d-5a9e-4535-9f54-f27179a33936,Virginia,HB 2028,School boards; entitlement to one-time fee from certain data centers.,4.0,1,active_in_committee_or_chamber,2025-01-07 00:00:00+00:00,,2025-02-04 00:00:00+00:00
ocd-bill/04326327-28f4-4d3a-9062-d699868a1896,Virginia,HB 2101,Electric utilities; data center cost allocation.,4.0,1,active_in_committee_or_chamber,2025-01-07 00:00:00+00:00,,2025-02-05 00:00:00+00:00
ocd-bill/f7342a5d-d4ca-48fd-8909-996b6de666d5,Virginia,SB 1045,Siting of data centers; property classified for industrial use.,3.0,0,active_in_committee_or_chamber,2025-01-07 00:00:00+00:00,,2025-01-27 00:00:00+00:00
ocd-bill/684ae3ce-904d-4720-a565-c12458abe430,Virginia,SB 1046,Data centers; noise abatement.,4.0,0,active_in_committee_or_chamber,2025-01-07 00:00:00+00:00,,2025-01-27 00:00:00+00:00
ocd-bill/473df22a-26a0-4704-b2f1-5e34cbdc7777,Virginia,HB 2377,"Comprehensive plan; data centers, water usage.",4.0,1,active_in_committee_or_chamber,2025-01-08 00:00:00+00:00,,2025-02-04 00:00:00+00:00
ocd-bill/0f658ef3-c2e0-46eb-8282-9c7cb487bffa,Virginia,HB 2428,Tangible personal property; computer equipment and peripherals used in data centers.,5.0,0,active_in_committee_or_chamber,2025-01-08 00:00:00+00:00,,2025-02-05 00:00:00+00:00
ocd-bill/55315047-1874-4bd0-a892-c9251854503c,Virginia,SB 1196,Retail Sales and Use Tax; exemption data centers.,7.0,0,active_in_committee_or_chamber,2025-01-08 00:00:00+00:00,,2025-02-05 00:00:00+00:00
ocd-bill/9d9c8f6c-2244-4893-931f-827395cdcb49,Virginia,SB 1197,Electric cooperative subsidiaries; customers exceeding 90 megawatts demand.,7.0,1,enacted,2025-01-08 00:00:00+00:00,2025-03-10 00:00:00+00:00,2025-03-24 00:00:00+00:00
ocd-bill/e9f55626-31d2-4632-a8e6-54d70c7104f6,Virginia,SB 1243,Electric utilities; electric distribution infrastructure serving data centers.,5.0,1,active_in_committee_or_chamber,2025-01-08 00:00:00+00:00,,2025-01-27 00:00:00+00:00
ocd-bill/ec12ccdd-9678-4509-bb05-db634bfa0b4f,Virginia,HB 2578,"Retail Sales and Use Tax; exemption for data centers, reports.",6.0,1,active_in_committee_or_chamber,2025-01-12 00:00:00+00:00,,2025-02-05 00:00:00+00:00
ocd-bill/128b4b86-2c6e-4034-b5f9-64322d762a15,Virginia,HB 2644,Electric cooperative subsidiaries; customers exceeding 90 megawatts demand.,7.0,1,enacted,2025-01-14 00:00:00+00:00,2025-03-10 00:00:00+00:00,2025-03-24 00:00:00+00:00
ocd-bill/a6a9fd9c-89ba-42a8-8a8b-60cfad38a058,Virginia,HB 2685,Retail Sales and Use Tax; commercial & industrial exemptions for data centers in Northern Virginia.,8.0,0,active_in_committee_or_chamber,2025-01-16 00:00:00+00:00,,2025-02-04 00:00:00+00:00
ocd-bill/b4d18b22-1607-431a-a9f5-f8f0d0105f51,Virginia,SB 1425,"Retail Sales and Use Tax; data center exemption expiration, distribution of revenues.",5.0,0,active_in_committee_or_chamber,2025-01-16 00:00:00+00:00,,2025-02-05 00:00:00+00:00
ocd-bill/12dd05f8-3553-4b77-8680-c6d1ecbd9218,Virginia,HB 2712,Data centers; local authority considering any land use application.,4.0,1,active_in_committee_or_chamber,2025-01-17 00:00:00+00:00,,2025-02-04 00:00:00+00:00
ocd-bill/dfc8eaa4-8ba0-47bb-b747-945ae24e8c79,Virginia,HB 2715,"Retail Sales and Use Tax; exemption for data centers, definitions.",6.0,1,active_in_committee_or_chamber,2025-01-17 00:00:00+00:00,,2025-02-04 00:00:00+00:00
ocd-bill/74d3a33f-25bc-483f-be2f-5979e5c934c0,Virginia,SB 1449,Data centers; site assessment for high energy use facility.,4.0,1,vetoed,2025-01-17 00:00:00+00:00,2025-03-10 00:00:00+00:00,2025-05-02 00:00:00+00:00
ocd-bill/db193d66-ebe1-4982-b1f9-13d2b043d718,Virginia,SB 93,Data centers; taxes on banks that are tenants of a center.,4.0,1,active_in_committee_or_chamber,2025-12-31 00:00:00+00:00,,2026-02-05 00:00:00+00:00
ocd-bill/67ad55d9-d008-4a75-b5ab-48b43bf22eec,Virginia,SB 93,Data centers; taxes on banks that are tenants of a center.,4.0,0,active_in_committee_or_chamber,2025-12-31 00:00:00+00:00,,2026-07-21 00:00:00+00:00
ocd-bill/a74f04e6-e400-4350-b63a-ab3601554d92,Virginia,SB 94,"Data centers; site assessment, sound profile of the high energy use facility.",4.0,1,enacted,2025-12-31 00:00:00+00:00,2026-03-31 00:00:00+00:00,2026-04-13 00:00:00+00:00
ocd-bill/c12ccbc5-1546-4e89-ba04-7288b1cd26ee,Virginia,HB 153,"Data centers; site assessment, sound profile of the high energy use facility.",4.0,1,enacted,2026-01-06 00:00:00+00:00,2026-03-31 00:00:00+00:00,2026-04-13 00:00:00+00:00
ocd-bill/ae787d06-7790-47af-a15b-281aee206edb,Virginia,HB 154,"Data centers; use of emergency generation unit, disclosure requirements.",4.0,1,active_in_committee_or_chamber,2026-01-06 00:00:00+00:00,,2026-02-18 00:00:00+00:00
ocd-bill/8f3769e1-597f-4d5f-9dda-cb4253dc6d10,Virginia,SB 130,"Data centers; site assessment, definition of high energy use facility.",4.0,1,active_in_committee_or_chamber,2026-01-06 00:00:00+00:00,,2026-02-03 00:00:00+00:00
ocd-bill/d8897c10-6c67-4c7e-aedb-1edf5dba55ab,Virginia,HB 323,"Data centers; Department of Energy shall lead efforts to accelerate use of waste heat, report.",5.0,1,enacted,2026-01-11 00:00:00+00:00,2026-03-12 00:00:00+00:00,2026-04-13 00:00:00+00:00
ocd-bill/87dcaa13-cc86-42d3-9c46-387c163a4da6,Virginia,HB 496,"Certain data from water users; water use consumption for domestic, etc., purposes, data centers.",4.0,1,enacted,2026-01-12 00:00:00+00:00,2026-03-31 00:00:00+00:00,2026-04-13 00:00:00+00:00
ocd-bill/acf19a6e-08dc-4e53-873d-a324d7ef41a1,Virginia,HB 503,"Electric utilities; cost recovery, costs substantially related to serving data center customers.",4.0,0,active_in_committee_or_chamber,2026-01-12 00:00:00+00:00,,2026-07-21 00:00:00+00:00
ocd-bill/295b02a8-a59a-4de4-826e-946160272e06,Virginia,HB 503,"Electric utilities; cost recovery, costs substantially related to serving data center customers.",4.0,0,active_in_committee_or_chamber,2026-01-12 00:00:00+00:00,,2026-02-12 00:00:00+00:00
ocd-bill/539e103a-2922-4234-a279-6ed5881c3164,Virginia,HB 507,"Data centers; permit requirements, emission limits for certain engine-generator sets.",4.0,1,enacted,2026-01-12 00:00:00+00:00,2026-03-31 00:00:00+00:00,2026-04-08 00:00:00+00:00
ocd-bill/9d659c95-a94a-405a-8367-e37a2e02a236,Virginia,HB 511,Data centers; industrial zoning.,5.0,0,active_in_committee_or_chamber,2026-01-12 00:00:00+00:00,,2026-01-23 00:00:00+00:00
ocd-bill/5d4eb3ac-6166-4fdb-a6df-1fd90ceb90aa,Virginia,HB 589,"Data centers; certain data from water users, water use consumption.",5.0,1,active_in_committee_or_chamber,2026-01-13 00:00:00+00:00,,2026-02-18 00:00:00+00:00
ocd-bill/58f768a2-d6fb-49d4-8d20-c7ace46ac198,Virginia,HB 591,Data centers; policy of the Commonwealth.,5.0,1,passed_chamber_or_legislature,2026-01-13 00:00:00+00:00,2026-02-17 00:00:00+00:00,2026-03-09 00:00:00+00:00
ocd-bill/417fbfeb-2949-4bb1-8313-8484fc82f178,Virginia,HB 591,Data centers; policy of the Commonwealth.,5.0,1,passed_chamber_or_legislature,2026-01-13 00:00:00+00:00,2026-02-17 00:00:00+00:00,2026-07-21 00:00:00+00:00
ocd-bill/f0be12cb-c35a-4af1-a2dd-32ffdc77e12a,Virginia,HB 607,"Aggregate air pollution; Department of Environmental Quality to study, data center generators.",5.0,0,active_in_committee_or_chamber,2026-01-13 00:00:00+00:00,,2026-07-21 00:00:00+00:00
ocd-bill/aaad1779-85ba-4ff5-9a4a-61632470973b,Virginia,HB 607,"Aggregate air pollution; Department of Environmental Quality to study, data center generators.",5.0,0,active_in_committee_or_chamber,2026-01-13 00:00:00+00:00,,2026-01-27 00:00:00+00:00
ocd-bill/925b4099-abef-4bf3-80d8-968ba28973ea,Virginia,HB 641,"Virginia's Great Outdoors Act; established, creates data center land conservation tax.",4.0,0,active_in_committee_or_chamber,2026-01-13 00:00:00+00:00,,2026-02-11 00:00:00+00:00
ocd-bill/6dfba32f-9dc1-4a85-89b7-3b238bd16304,Virginia,HB 641,"Virginia's Great Outdoors Act; established, creates data center land conservation tax.",3.0,0,active_in_committee_or_chamber,2026-01-13 00:00:00+00:00,,2026-07-21 00:00:00+00:00
ocd-bill/1165b40f-cbac-4fe4-82b8-f3f68fba7358,Virginia,HB 784,"RS and UT; commercial and industrial exemptions, disclosure of data center operator exemption.",5.0,0,active_in_committee_or_chamber,2026-01-13 00:00:00+00:00,,2026-02-11 00:00:00+00:00
ocd-bill/54b2e530-d763-4ea3-bb28-31f2fea7ad39,Virginia,HB 824,"Data centers; energy generation and storage, report.",5.0,1,active_in_committee_or_chamber,2026-01-13 00:00:00+00:00,,2026-02-18 00:00:00+00:00
ocd-bill/ffb9e3af-f29f-43d6-820c-caf39cddfa0b,Virginia,HB 897,"Retail Sales and Use Tax; exemption for data centers, delayed effective date.",4.0,1,passed_chamber_or_legislature,2026-01-13 00:00:00+00:00,2026-02-17 00:00:00+00:00,2026-03-03 00:00:00+00:00
ocd-bill/a31b6c90-3e36-47d7-8dfa-4fda500f5f40,Virginia,HB 961,"Retail Sales and Use Tax; commercial and industrial exemptions, data centers.",4.0,0,active_in_committee_or_chamber,2026-01-13 00:00:00+00:00,,2026-02-11 00:00:00+00:00
ocd-bill/3fca8151-ea70-47b5-bf40-5ead5c626249,Virginia,SB 336,"Tier 2 emergency generators; SCC shall evaluate impact of requiring data centers to limit use, etc.",5.0,1,passed_chamber_or_legislature,2026-01-13 00:00:00+00:00,2026-02-13 00:00:00+00:00,2026-07-21 00:00:00+00:00
ocd-bill/e9925358-6683-42b3-99c7-f81a3221f95f,Virginia,SB 393,"Virginia's Great Outdoors Act; established, creates data center land conservation tax.",3.0,0,active_in_committee_or_chamber,2026-01-13 00:00:00+00:00,,2026-07-21 00:00:00+00:00
ocd-bill/0ea7006d-cdf4-4552-9271-7622e1370eb7,Virginia,SB 465,Retail Sales and Use Tax; exemption for data centers.,6.0,0,active_in_committee_or_chamber,2026-01-13 00:00:00+00:00,,2026-02-17 00:00:00+00:00
ocd-bill/ef77ab97-6c80-4a4e-bcd3-71c68f207337,Virginia,SB 466,"Electric utilities; cost recovery, costs substantially related to serving data center customers.",6.0,1,active_in_committee_or_chamber,2026-01-13 00:00:00+00:00,,2026-02-12 00:00:00+00:00
ocd-bill/07f7b8d0-ff32-4824-8428-c6891931bea6,Virginia,SB 466,"Electric utilities; cost recovery, costs substantially related to serving data center customers.",7.0,0,active_in_committee_or_chamber,2026-01-13 00:00:00+00:00,,2026-07-21 00:00:00+00:00
ocd-bill/909f1dee-c11a-40ea-a1b0-039d431c3de0,Virginia,SB 521,Data centers; rainwater harvesting systems.,4.0,1,active_in_committee_or_chamber,2026-01-13 00:00:00+00:00,,2026-02-03 00:00:00+00:00
ocd-bill/6b0c0a2c-3e8a-4b0c-9200-cf8eb6e1ba49,Virginia,SB 521,Data centers; rainwater harvesting systems.,4.0,0,active_in_committee_or_chamber,2026-01-13 00:00:00+00:00,,2026-07-21 00:00:00+00:00
ocd-bill/c0e0f047-7f9c-4bd1-9baa-c26d2affd9c1,Virginia,HB 1132,Data center tax revenue; creates local residential renewable energy incentive program.,4.0,0,active_in_committee_or_chamber,2026-01-14 00:00:00+00:00,,2026-07-21 00:00:00+00:00
ocd-bill/a6fe3c80-99dd-4f46-926d-913e54593551,Virginia,HB 1132,Data center tax revenue; creates local residential renewable energy incentive program.,4.0,0,active_in_committee_or_chamber,2026-01-14 00:00:00+00:00,,2026-02-11 00:00:00+00:00
ocd-bill/de3638a1-a631-423e-bf90-47e8c714f352,Virginia,SB 552,"Siting of large data centers; site assessment, standards, civil penalties.",3.0,1,active_in_committee_or_chamber,2026-01-14 00:00:00+00:00,,2026-02-02 00:00:00+00:00
ocd-bill/0b2ccafc-5f6e-40e0-9b85-1bec5341f3f6,Virginia,SB 553,"Certain data from water users; water use consumption for domestic, etc., purposes, data centers.",4.0,1,enacted,2026-01-14 00:00:00+00:00,2026-03-31 00:00:00+00:00,2026-04-13 00:00:00+00:00
ocd-bill/07ccced0-d366-453b-9868-3b1523c729df,Virginia,HB 1379,"Electric utilities; interconnection service standards, high-demand customers.",3.0,0,active_in_committee_or_chamber,2026-01-21 00:00:00+00:00,,2026-02-12 00:00:00+00:00
ocd-bill/1120463b-170b-4304-801f-7bbf49a009a3,Virginia,HB 1379,"Electric utilities; interconnection service standards, high-demand customers.",3.0,0,active_in_committee_or_chamber,2026-01-21 00:00:00+00:00,,2026-07-21 00:00:00+00:00
ocd-bill/a342a8c5-e6ae-4d1b-a0c2-26b91f71dd57,Virginia,HB 1515,Local approval of data centers; temporary moratorium.,1.0,0,active_in_committee_or_chamber,2026-01-23 00:00:00+00:00,,2026-07-21 00:00:00+00:00
ocd-bill/bdad53c0-54ba-490f-840d-b8ec961f002c,Virginia,HB 1515,Local approval of data centers; temporary moratorium.,1.0,0,active_in_committee_or_chamber,2026-01-23 00:00:00+00:00,,2026-02-06 00:00:00+00:00
