state,month,facebook_policy_posts,facebook_unique_owners,introduction,latest_action_proxy,latest_recorded_passage
California,2024-01,0.0,0.0,0.0,0.0,0.0
California,2024-02,0.0,0.0,2.0,0.0,0.0
California,2024-03,0.0,0.0,0.0,0.0,0.0
California,2024-04,0.0,0.0,0.0,0.0,0.0
California,2024-05,0.0,0.0,0.0,0.0,2.0
California,2024-06,0.0,0.0,0.0,0.0,0.0
California,2024-07,0.0,0.0,0.0,1.0,0.0
California,2024-08,0.0,0.0,0.0,2.0,0.0
California,2024-09,0.0,0.0,0.0,0.0,0.0
California,2024-10,0.0,0.0,0.0,0.0,0.0
California,2024-11,0.0,0.0,0.0,0.0,0.0
California,2024-12,1.0,1.0,0.0,0.0,0.0
California,2025-01,0.0,0.0,3.0,0.0,0.0
California,2025-02,0.0,0.0,2.0,0.0,0.0
California,2025-03,0.0,0.0,0.0,0.0,0.0
California,2025-04,1.0,1.0,0.0,0.0,0.0
California,2025-05,0.0,0.0,0.0,0.0,0.0
California,2025-06,0.0,0.0,0.0,0.0,1.0
California,2025-07,0.0,0.0,0.0,0.0,0.0
California,2025-08,0.0,0.0,0.0,1.0,0.0
California,2025-09,0.0,0.0,0.0,0.0,3.0
California,2025-10,0.0,0.0,0.0,1.0,0.0
California,2025-11,1.0,1.0,0.0,0.0,0.0
California,2025-12,0.0,0.0,0.0,0.0,0.0
California,2026-01,0.0,0.0,2.0,2.0,0.0
California,2026-02,1.0,1.0,5.0,1.0,0.0
California,2026-03,5.0,3.0,0.0,0.0,0.0
California,2026-04,2.0,2.0,0.0,0.0,0.0
California,2026-05,6.0,5.0,0.0,1.0,6.0
California,2026-06,33.0,10.0,0.0,0.0,0.0
California,2026-07,7.0,6.0,0.0,0.0,0.0
California,2026-08,4.0,4.0,0.0,6.0,0.0
Georgia,2024-01,0.0,0.0,0.0,0.0,0.0
Georgia,2024-02,0.0,0.0,1.0,0.0,0.0
Georgia,2024-03,0.0,0.0,0.0,1.0,2.0
Georgia,2024-04,0.0,0.0,0.0,0.0,0.0
Georgia,2024-05,0.0,0.0,0.0,1.0,0.0
Georgia,2024-06,0.0,0.0,0.0,0.0,0.0
Georgia,2024-07,0.0,0.0,0.0,0.0,0.0
Georgia,2024-08,0.0,0.0,0.0,0.0,0.0
Georgia,2024-09,0.0,0.0,0.0,0.0,0.0
Georgia,2024-10,1.0,1.0,0.0,0.0,0.0
Georgia,2024-11,0.0,0.0,0.0,0.0,0.0
Georgia,2024-12,1.0,1.0,0.0,0.0,0.0
Georgia,2025-01,0.0,0.0,1.0,0.0,0.0
Georgia,2025-02,0.0,0.0,2.0,2.0,0.0
Georgia,2025-03,0.0,0.0,3.0,1.0,0.0
Georgia,2025-04,1.0,1.0,0.0,1.0,1.0
Georgia,2025-05,0.0,0.0,0.0,0.0,0.0
Georgia,2025-06,1.0,1.0,0.0,0.0,0.0
Georgia,2025-07,0.0,0.0,0.0,0.0,0.0
Georgia,2025-08,0.0,0.0,0.0,0.0,0.0
Georgia,2025-09,0.0,0.0,0.0,0.0,0.0
Georgia,2025-10,2.0,1.0,0.0,0.0,0.0
Georgia,2025-11,0.0,0.0,0.0,0.0,0.0
Georgia,2025-12,3.0,3.0,0.0,0.0,0.0
Georgia,2026-01,0.0,0.0,7.0,4.0,0.0
Georgia,2026-02,2.0,2.0,7.0,8.0,2.0
Georgia,2026-03,5.0,5.0,0.0,4.0,2.0
Georgia,2026-04,5.0,3.0,0.0,0.0,0.0
Georgia,2026-05,44.0,23.0,0.0,0.0,0.0
Georgia,2026-06,35.0,19.0,0.0,0.0,0.0
Georgia,2026-07,25.0,23.0,0.0,0.0,0.0
Georgia,2026-08,4.0,4.0,0.0,0.0,0.0
Illinois,2024-01,0.0,0.0,1.0,0.0,0.0
Illinois,2024-02,0.0,0.0,1.0,2.0,0.0
Illinois,2024-03,0.0,0.0,0.0,0.0,0.0
Illinois,2024-04,0.0,0.0,1.0,0.0,0.0
Illinois,2024-05,0.0,0.0,1.0,2.0,0.0
Illinois,2024-06,0.0,0.0,0.0,0.0,0.0
Illinois,2024-07,0.0,0.0,0.0,0.0,0.0
Illinois,2024-08,0.0,0.0,0.0,0.0,0.0
Illinois,2024-09,0.0,0.0,0.0,0.0,0.0
Illinois,2024-10,0.0,0.0,0.0,0.0,0.0
Illinois,2024-11,0.0,0.0,1.0,1.0,0.0
Illinois,2024-12,0.0,0.0,0.0,0.0,0.0
Illinois,2025-01,0.0,0.0,6.0,0.0,0.0
Illinois,2025-02,0.0,0.0,17.0,2.0,0.0
Illinois,2025-03,0.0,0.0,0.0,5.0,0.0
Illinois,2025-04,0.0,0.0,0.0,5.0,1.0
Illinois,2025-05,0.0,0.0,0.0,0.0,0.0
Illinois,2025-06,0.0,0.0,0.0,8.0,0.0
Illinois,2025-07,0.0,0.0,0.0,0.0,0.0
Illinois,2025-08,0.0,0.0,0.0,0.0,0.0
Illinois,2025-09,0.0,0.0,0.0,0.0,0.0
Illinois,2025-10,0.0,0.0,1.0,1.0,0.0
Illinois,2025-11,0.0,0.0,0.0,0.0,0.0
Illinois,2025-12,0.0,0.0,0.0,0.0,0.0
Illinois,2026-01,1.0,1.0,4.0,1.0,0.0
Illinois,2026-02,2.0,2.0,14.0,2.0,0.0
Illinois,2026-03,1.0,1.0,1.0,6.0,0.0
Illinois,2026-04,7.0,3.0,1.0,1.0,0.0
Illinois,2026-05,5.0,2.0,3.0,11.0,2.0
Illinois,2026-06,9.0,2.0,0.0,2.0,0.0
Illinois,2026-07,5.0,3.0,0.0,3.0,0.0
Illinois,2026-08,3.0,2.0,0.0,0.0,0.0
Indiana,2024-01,0.0,0.0,0.0,0.0,0.0
Indiana,2024-02,0.0,0.0,0.0,0.0,0.0
Indiana,2024-03,0.0,0.0,0.0,0.0,0.0
Indiana,2024-04,0.0,0.0,0.0,0.0,0.0
Indiana,2024-05,0.0,0.0,0.0,0.0,0.0
Indiana,2024-06,2.0,2.0,0.0,0.0,0.0
Indiana,2024-07,0.0,0.0,0.0,0.0,0.0
Indiana,2024-08,0.0,0.0,0.0,0.0,0.0
Indiana,2024-09,0.0,0.0,0.0,0.0,0.0
Indiana,2024-10,0.0,0.0,0.0,0.0,0.0
Indiana,2024-11,0.0,0.0,0.0,0.0,0.0
Indiana,2024-12,0.0,0.0,0.0,0.0,0.0
Indiana,2025-01,0.0,0.0,3.0,1.0,0.0
Indiana,2025-02,0.0,0.0,0.0,0.0,0.0
Indiana,2025-03,0.0,0.0,0.0,0.0,0.0
Indiana,2025-04,0.0,0.0,0.0,1.0,2.0
Indiana,2025-05,0.0,0.0,0.0,1.0,0.0
Indiana,2025-06,0.0,0.0,0.0,0.0,0.0
Indiana,2025-07,0.0,0.0,0.0,0.0,0.0
Indiana,2025-08,1.0,1.0,0.0,0.0,0.0
Indiana,2025-09,0.0,0.0,0.0,0.0,0.0
Indiana,2025-10,0.0,0.0,0.0,0.0,0.0
Indiana,2025-11,0.0,0.0,0.0,0.0,0.0
Indiana,2025-12,1.0,1.0,2.0,0.0,0.0
Indiana,2026-01,1.0,1.0,3.0,5.0,0.0
Indiana,2026-02,4.0,1.0,0.0,0.0,0.0
Indiana,2026-03,5.0,5.0,0.0,0.0,0.0
Indiana,2026-04,2.0,2.0,0.0,0.0,0.0
Indiana,2026-05,5.0,5.0,0.0,0.0,0.0
Indiana,2026-06,13.0,6.0,0.0,0.0,0.0
Indiana,2026-07,2.0,2.0,0.0,0.0,0.0
Indiana,2026-08,1.0,1.0,0.0,0.0,0.0
Kentucky,2024-01,0.0,0.0,0.0,0.0,0.0
Kentucky,2024-02,0.0,0.0,0.0,0.0,0.0
Kentucky,2024-03,0.0,0.0,0.0,0.0,0.0
Kentucky,2024-04,0.0,0.0,0.0,0.0,0.0
Kentucky,2024-05,0.0,0.0,0.0,0.0,0.0
Kentucky,2024-06,0.0,0.0,0.0,0.0,0.0
Kentucky,2024-07,0.0,0.0,0.0,0.0,0.0
Kentucky,2024-08,0.0,0.0,0.0,0.0,0.0
Kentucky,2024-09,0.0,0.0,0.0,0.0,0.0
Kentucky,2024-10,0.0,0.0,0.0,0.0,0.0
Kentucky,2024-11,0.0,0.0,0.0,0.0,0.0
Kentucky,2024-12,0.0,0.0,0.0,0.0,0.0
Kentucky,2025-01,0.0,0.0,0.0,0.0,0.0
Kentucky,2025-02,0.0,0.0,0.0,0.0,0.0
Kentucky,2025-03,0.0,0.0,0.0,0.0,0.0
Kentucky,2025-04,0.0,0.0,0.0,0.0,0.0
Kentucky,2025-05,0.0,0.0,0.0,0.0,0.0
Kentucky,2025-06,0.0,0.0,0.0,0.0,0.0
Kentucky,2025-07,1.0,1.0,0.0,0.0,0.0
Kentucky,2025-08,0.0,0.0,0.0,0.0,0.0
Kentucky,2025-09,0.0,0.0,0.0,0.0,0.0
Kentucky,2025-10,0.0,0.0,0.0,0.0,0.0
Kentucky,2025-11,0.0,0.0,0.0,0.0,0.0
Kentucky,2025-12,2.0,2.0,0.0,0.0,0.0
Kentucky,2026-01,0.0,0.0,0.0,0.0,0.0
Kentucky,2026-02,3.0,3.0,0.0,0.0,0.0
Kentucky,2026-03,0.0,0.0,0.0,0.0,0.0
Kentucky,2026-04,0.0,0.0,0.0,0.0,0.0
Kentucky,2026-05,5.0,3.0,0.0,0.0,0.0
Kentucky,2026-06,31.0,10.0,0.0,0.0,0.0
Kentucky,2026-07,16.0,12.0,0.0,0.0,0.0
Kentucky,2026-08,7.0,7.0,0.0,0.0,0.0
Maine,2024-01,0.0,0.0,0.0,0.0,0.0
Maine,2024-02,0.0,0.0,0.0,0.0,0.0
Maine,2024-03,0.0,0.0,0.0,0.0,0.0
Maine,2024-04,0.0,0.0,0.0,0.0,0.0
Maine,2024-05,0.0,0.0,0.0,0.0,0.0
Maine,2024-06,0.0,0.0,0.0,0.0,0.0
Maine,2024-07,0.0,0.0,0.0,0.0,0.0
Maine,2024-08,0.0,0.0,0.0,0.0,0.0
Maine,2024-09,0.0,0.0,0.0,0.0,0.0
Maine,2024-10,0.0,0.0,0.0,0.0,0.0
Maine,2024-11,0.0,0.0,0.0,0.0,0.0
Maine,2024-12,0.0,0.0,0.0,0.0,0.0
Maine,2025-01,0.0,0.0,0.0,0.0,0.0
Maine,2025-02,0.0,0.0,0.0,0.0,0.0
Maine,2025-03,0.0,0.0,1.0,0.0,0.0
Maine,2025-04,0.0,0.0,0.0,0.0,0.0
Maine,2025-05,0.0,0.0,0.0,1.0,1.0
Maine,2025-06,0.0,0.0,0.0,0.0,0.0
Maine,2025-07,0.0,0.0,0.0,0.0,0.0
Maine,2025-08,0.0,0.0,0.0,0.0,0.0
Maine,2025-09,0.0,0.0,0.0,0.0,0.0
Maine,2025-10,0.0,0.0,0.0,0.0,0.0
Maine,2025-11,0.0,0.0,0.0,0.0,0.0
Maine,2025-12,0.0,0.0,0.0,0.0,0.0
Maine,2026-01,0.0,0.0,0.0,0.0,0.0
Maine,2026-02,0.0,0.0,0.0,0.0,0.0
Maine,2026-03,1.0,1.0,0.0,0.0,0.0
Maine,2026-04,4.0,4.0,0.0,0.0,0.0
Maine,2026-05,3.0,2.0,0.0,0.0,0.0
Maine,2026-06,17.0,6.0,0.0,0.0,0.0
Maine,2026-07,1.0,1.0,0.0,0.0,0.0
Maine,2026-08,0.0,0.0,0.0,0.0,0.0
Maryland,2024-01,0.0,0.0,0.0,0.0,0.0
Maryland,2024-02,0.0,0.0,1.0,1.0,0.0
Maryland,2024-03,0.0,0.0,0.0,0.0,0.0
Maryland,2024-04,0.0,0.0,0.0,0.0,0.0
Maryland,2024-05,0.0,0.0,0.0,0.0,0.0
Maryland,2024-06,0.0,0.0,0.0,0.0,0.0
Maryland,2024-07,0.0,0.0,0.0,0.0,0.0
Maryland,2024-08,0.0,0.0,0.0,0.0,0.0
Maryland,2024-09,0.0,0.0,1.0,0.0,0.0
Maryland,2024-10,0.0,0.0,1.0,0.0,0.0
Maryland,2024-11,0.0,0.0,0.0,0.0,0.0
Maryland,2024-12,0.0,0.0,0.0,0.0,0.0
Maryland,2025-01,0.0,0.0,2.0,0.0,0.0
Maryland,2025-02,1.0,1.0,1.0,2.0,0.0
Maryland,2025-03,0.0,0.0,0.0,1.0,0.0
Maryland,2025-04,0.0,0.0,0.0,0.0,2.0
Maryland,2025-05,0.0,0.0,0.0,2.0,0.0
Maryland,2025-06,0.0,0.0,0.0,0.0,0.0
Maryland,2025-07,0.0,0.0,0.0,0.0,0.0
Maryland,2025-08,0.0,0.0,0.0,0.0,0.0
Maryland,2025-09,0.0,0.0,0.0,0.0,0.0
Maryland,2025-10,0.0,0.0,1.0,0.0,0.0
Maryland,2025-11,0.0,0.0,0.0,0.0,0.0
Maryland,2025-12,0.0,0.0,0.0,0.0,0.0
Maryland,2026-01,0.0,0.0,2.0,2.0,0.0
Maryland,2026-02,0.0,0.0,8.0,8.0,0.0
Maryland,2026-03,0.0,0.0,0.0,1.0,0.0
Maryland,2026-04,2.0,2.0,0.0,0.0,0.0
Maryland,2026-05,4.0,3.0,0.0,0.0,0.0
Maryland,2026-06,12.0,5.0,0.0,0.0,0.0
Maryland,2026-07,6.0,5.0,0.0,0.0,0.0
Maryland,2026-08,1.0,1.0,0.0,0.0,0.0
Minnesota,2024-01,0.0,0.0,0.0,0.0,0.0
Minnesota,2024-02,0.0,0.0,0.0,0.0,0.0
Minnesota,2024-03,0.0,0.0,2.0,1.0,0.0
Minnesota,2024-04,0.0,0.0,0.0,1.0,0.0
Minnesota,2024-05,0.0,0.0,0.0,0.0,0.0
Minnesota,2024-06,0.0,0.0,0.0,0.0,0.0
Minnesota,2024-07,0.0,0.0,0.0,0.0,0.0
Minnesota,2024-08,0.0,0.0,0.0,0.0,0.0
Minnesota,2024-09,0.0,0.0,0.0,0.0,0.0
Minnesota,2024-10,0.0,0.0,0.0,0.0,0.0
Minnesota,2024-11,0.0,0.0,0.0,0.0,0.0
Minnesota,2024-12,0.0,0.0,0.0,0.0,0.0
Minnesota,2025-01,0.0,0.0,2.0,1.0,0.0
Minnesota,2025-02,0.0,0.0,5.0,2.0,0.0
Minnesota,2025-03,0.0,0.0,1.0,3.0,0.0
Minnesota,2025-04,0.0,0.0,2.0,3.0,0.0
Minnesota,2025-05,0.0,0.0,2.0,2.0,0.0
Minnesota,2025-06,0.0,0.0,2.0,2.0,1.0
Minnesota,2025-07,0.0,0.0,0.0,0.0,0.0
Minnesota,2025-08,0.0,0.0,0.0,0.0,0.0
Minnesota,2025-09,0.0,0.0,0.0,0.0,0.0
Minnesota,2025-10,0.0,0.0,0.0,0.0,0.0
Minnesota,2025-11,0.0,0.0,0.0,0.0,0.0
Minnesota,2025-12,0.0,0.0,0.0,0.0,0.0
Minnesota,2026-01,1.0,1.0,0.0,0.0,0.0
Minnesota,2026-02,0.0,0.0,3.0,1.0,0.0
Minnesota,2026-03,1.0,1.0,12.0,9.0,0.0
Minnesota,2026-04,0.0,0.0,9.0,11.0,1.0
Minnesota,2026-05,8.0,2.0,1.0,5.0,0.0
Minnesota,2026-06,12.0,5.0,0.0,0.0,0.0
Minnesota,2026-07,0.0,0.0,0.0,0.0,0.0
Minnesota,2026-08,0.0,0.0,0.0,0.0,0.0
New York,2024-01,0.0,0.0,2.0,7.0,0.0
New York,2024-02,0.0,0.0,0.0,1.0,0.0
New York,2024-03,0.0,0.0,0.0,0.0,0.0
New York,2024-04,0.0,0.0,0.0,2.0,1.0
New York,2024-05,0.0,0.0,0.0,1.0,0.0
New York,2024-06,0.0,0.0,0.0,1.0,0.0
New York,2024-07,0.0,0.0,0.0,0.0,0.0
New York,2024-08,0.0,0.0,0.0,0.0,0.0
New York,2024-09,0.0,0.0,0.0,0.0,0.0
New York,2024-10,0.0,0.0,0.0,0.0,0.0
New York,2024-11,0.0,0.0,0.0,0.0,0.0
New York,2024-12,0.0,0.0,1.0,1.0,0.0
New York,2025-01,0.0,0.0,3.0,0.0,0.0
New York,2025-02,0.0,0.0,1.0,0.0,0.0
New York,2025-03,0.0,0.0,2.0,0.0,0.0
New York,2025-04,0.0,0.0,2.0,1.0,0.0
New York,2025-05,0.0,0.0,1.0,0.0,0.0
New York,2025-06,0.0,0.0,0.0,0.0,0.0
New York,2025-07,0.0,0.0,0.0,0.0,0.0
New York,2025-08,0.0,0.0,0.0,0.0,0.0
New York,2025-09,3.0,3.0,4.0,0.0,0.0
New York,2025-10,0.0,0.0,4.0,0.0,0.0
New York,2025-11,0.0,0.0,0.0,0.0,0.0
New York,2025-12,3.0,3.0,1.0,0.0,0.0
New York,2026-01,0.0,0.0,2.0,14.0,0.0
New York,2026-02,2.0,2.0,5.0,2.0,0.0
New York,2026-03,2.0,2.0,0.0,0.0,0.0
New York,2026-04,4.0,4.0,2.0,1.0,0.0
New York,2026-05,9.0,4.0,4.0,11.0,1.0
New York,2026-06,23.0,9.0,2.0,4.0,1.0
New York,2026-07,17.0,11.0,0.0,0.0,0.0
New York,2026-08,5.0,5.0,0.0,0.0,0.0
North Dakota,2024-01,0.0,0.0,0.0,0.0,0.0
North Dakota,2024-02,0.0,0.0,0.0,0.0,0.0
North Dakota,2024-03,0.0,0.0,0.0,0.0,0.0
North Dakota,2024-04,0.0,0.0,0.0,0.0,0.0
North Dakota,2024-05,0.0,0.0,0.0,0.0,0.0
North Dakota,2024-06,0.0,0.0,0.0,0.0,0.0
North Dakota,2024-07,0.0,0.0,0.0,0.0,0.0
North Dakota,2024-08,0.0,0.0,0.0,0.0,0.0
North Dakota,2024-09,0.0,0.0,0.0,0.0,0.0
North Dakota,2024-10,0.0,0.0,0.0,0.0,0.0
North Dakota,2024-11,0.0,0.0,0.0,0.0,0.0
North Dakota,2024-12,0.0,0.0,0.0,0.0,0.0
North Dakota,2025-01,0.0,0.0,6.0,2.0,0.0
North Dakota,2025-02,0.0,0.0,0.0,2.0,1.0
North Dakota,2025-03,0.0,0.0,0.0,0.0,0.0
North Dakota,2025-04,0.0,0.0,0.0,2.0,1.0
North Dakota,2025-05,0.0,0.0,0.0,0.0,0.0
North Dakota,2025-06,0.0,0.0,0.0,0.0,0.0
North Dakota,2025-07,0.0,0.0,0.0,0.0,0.0
North Dakota,2025-08,0.0,0.0,0.0,0.0,0.0
North Dakota,2025-09,0.0,0.0,0.0,0.0,0.0
North Dakota,2025-10,0.0,0.0,0.0,0.0,0.0
North Dakota,2025-11,0.0,0.0,0.0,0.0,0.0
North Dakota,2025-12,0.0,0.0,0.0,0.0,0.0
North Dakota,2026-01,0.0,0.0,0.0,0.0,0.0
North Dakota,2026-02,0.0,0.0,0.0,0.0,0.0
North Dakota,2026-03,0.0,0.0,0.0,0.0,0.0
North Dakota,2026-04,0.0,0.0,0.0,0.0,0.0
North Dakota,2026-05,0.0,0.0,0.0,0.0,0.0
North Dakota,2026-06,0.0,0.0,0.0,0.0,0.0
North Dakota,2026-07,2.0,1.0,0.0,0.0,0.0
North Dakota,2026-08,1.0,1.0,0.0,0.0,0.0
Ohio,2024-01,0.0,0.0,0.0,0.0,0.0
Ohio,2024-02,0.0,0.0,0.0,0.0,0.0
Ohio,2024-03,0.0,0.0,0.0,0.0,0.0
Ohio,2024-04,0.0,0.0,0.0,0.0,0.0
Ohio,2024-05,0.0,0.0,0.0,0.0,0.0
Ohio,2024-06,0.0,0.0,0.0,0.0,0.0
Ohio,2024-07,0.0,0.0,0.0,0.0,0.0
Ohio,2024-08,0.0,0.0,0.0,0.0,0.0
Ohio,2024-09,0.0,0.0,0.0,0.0,0.0
Ohio,2024-10,0.0,0.0,0.0,0.0,0.0
Ohio,2024-11,0.0,0.0,0.0,0.0,0.0
Ohio,2024-12,0.0,0.0,0.0,0.0,0.0
Ohio,2025-01,0.0,0.0,0.0,0.0,0.0
Ohio,2025-02,0.0,0.0,0.0,0.0,0.0
Ohio,2025-03,0.0,0.0,0.0,0.0,0.0
Ohio,2025-04,0.0,0.0,0.0,0.0,0.0
Ohio,2025-05,0.0,0.0,0.0,0.0,0.0
Ohio,2025-06,0.0,0.0,0.0,0.0,0.0
Ohio,2025-07,1.0,1.0,0.0,0.0,0.0
Ohio,2025-08,1.0,1.0,0.0,0.0,0.0
Ohio,2025-09,0.0,0.0,0.0,0.0,0.0
Ohio,2025-10,0.0,0.0,0.0,0.0,0.0
Ohio,2025-11,0.0,0.0,0.0,0.0,0.0
Ohio,2025-12,0.0,0.0,0.0,0.0,0.0
Ohio,2026-01,1.0,1.0,0.0,0.0,0.0
Ohio,2026-02,3.0,1.0,0.0,0.0,0.0
Ohio,2026-03,8.0,7.0,0.0,0.0,0.0
Ohio,2026-04,5.0,4.0,0.0,0.0,0.0
Ohio,2026-05,8.0,6.0,0.0,0.0,0.0
Ohio,2026-06,13.0,10.0,0.0,0.0,0.0
Ohio,2026-07,6.0,5.0,0.0,0.0,0.0
Ohio,2026-08,4.0,4.0,0.0,0.0,0.0
Oklahoma,2024-01,0.0,0.0,0.0,0.0,0.0
Oklahoma,2024-02,0.0,0.0,0.0,0.0,0.0
Oklahoma,2024-03,0.0,0.0,0.0,0.0,0.0
Oklahoma,2024-04,0.0,0.0,0.0,0.0,0.0
Oklahoma,2024-05,0.0,0.0,0.0,0.0,0.0
Oklahoma,2024-06,0.0,0.0,0.0,0.0,0.0
Oklahoma,2024-07,0.0,0.0,0.0,0.0,0.0
Oklahoma,2024-08,0.0,0.0,0.0,0.0,0.0
Oklahoma,2024-09,0.0,0.0,0.0,0.0,0.0
Oklahoma,2024-10,0.0,0.0,0.0,0.0,0.0
Oklahoma,2024-11,0.0,0.0,0.0,0.0,0.0
Oklahoma,2024-12,0.0,0.0,0.0,0.0,0.0
Oklahoma,2025-01,0.0,0.0,0.0,0.0,0.0
Oklahoma,2025-02,0.0,0.0,0.0,0.0,0.0
Oklahoma,2025-03,0.0,0.0,0.0,0.0,0.0
Oklahoma,2025-04,0.0,0.0,0.0,0.0,0.0
Oklahoma,2025-05,0.0,0.0,0.0,0.0,0.0
Oklahoma,2025-06,0.0,0.0,0.0,0.0,0.0
Oklahoma,2025-07,0.0,0.0,0.0,0.0,0.0
Oklahoma,2025-08,0.0,0.0,0.0,0.0,0.0
Oklahoma,2025-09,0.0,0.0,0.0,0.0,0.0
Oklahoma,2025-10,1.0,1.0,0.0,0.0,0.0
Oklahoma,2025-11,1.0,1.0,0.0,0.0,0.0
Oklahoma,2025-12,1.0,1.0,0.0,0.0,0.0
Oklahoma,2026-01,11.0,1.0,0.0,0.0,0.0
Oklahoma,2026-02,19.0,1.0,13.0,9.0,0.0
Oklahoma,2026-03,10.0,3.0,0.0,2.0,0.0
Oklahoma,2026-04,2.0,2.0,0.0,1.0,0.0
Oklahoma,2026-05,44.0,5.0,0.0,1.0,1.0
Oklahoma,2026-06,94.0,9.0,0.0,0.0,0.0
Oklahoma,2026-07,44.0,6.0,0.0,0.0,0.0
Oklahoma,2026-08,6.0,2.0,0.0,0.0,0.0
Oregon,2024-01,0.0,0.0,0.0,0.0,0.0
Oregon,2024-02,0.0,0.0,0.0,0.0,0.0
Oregon,2024-03,0.0,0.0,0.0,0.0,0.0
Oregon,2024-04,0.0,0.0,0.0,0.0,0.0
Oregon,2024-05,0.0,0.0,0.0,0.0,0.0
Oregon,2024-06,0.0,0.0,0.0,0.0,0.0
Oregon,2024-07,0.0,0.0,0.0,0.0,0.0
Oregon,2024-08,0.0,0.0,0.0,0.0,0.0
Oregon,2024-09,0.0,0.0,0.0,0.0,0.0
Oregon,2024-10,0.0,0.0,0.0,0.0,0.0
Oregon,2024-11,0.0,0.0,0.0,0.0,0.0
Oregon,2024-12,0.0,0.0,0.0,0.0,0.0
Oregon,2025-01,0.0,0.0,0.0,0.0,0.0
Oregon,2025-02,0.0,0.0,0.0,0.0,0.0
Oregon,2025-03,0.0,0.0,0.0,0.0,0.0
Oregon,2025-04,0.0,0.0,0.0,0.0,0.0
Oregon,2025-05,0.0,0.0,0.0,0.0,0.0
Oregon,2025-06,0.0,0.0,0.0,0.0,0.0
Oregon,2025-07,0.0,0.0,0.0,0.0,0.0
Oregon,2025-08,0.0,0.0,0.0,0.0,0.0
Oregon,2025-09,0.0,0.0,0.0,0.0,0.0
Oregon,2025-10,0.0,0.0,0.0,0.0,0.0
Oregon,2025-11,0.0,0.0,0.0,0.0,0.0
Oregon,2025-12,0.0,0.0,0.0,0.0,0.0
Oregon,2026-01,0.0,0.0,0.0,0.0,0.0
Oregon,2026-02,1.0,1.0,0.0,0.0,0.0
Oregon,2026-03,1.0,1.0,0.0,0.0,0.0
Oregon,2026-04,4.0,2.0,0.0,0.0,0.0
Oregon,2026-05,1.0,1.0,0.0,0.0,0.0
Oregon,2026-06,4.0,4.0,0.0,0.0,0.0
Oregon,2026-07,8.0,5.0,0.0,0.0,0.0
Oregon,2026-08,2.0,2.0,0.0,0.0,0.0
Texas,2024-01,0.0,0.0,0.0,0.0,0.0
Texas,2024-02,0.0,0.0,0.0,0.0,0.0
Texas,2024-03,0.0,0.0,0.0,0.0,0.0
Texas,2024-04,0.0,0.0,0.0,0.0,0.0
Texas,2024-05,0.0,0.0,0.0,0.0,0.0
Texas,2024-06,0.0,0.0,0.0,0.0,0.0
Texas,2024-07,0.0,0.0,0.0,0.0,0.0
Texas,2024-08,0.0,0.0,0.0,0.0,0.0
Texas,2024-09,0.0,0.0,0.0,0.0,0.0
Texas,2024-10,1.0,1.0,0.0,0.0,0.0
Texas,2024-11,0.0,0.0,0.0,0.0,0.0
Texas,2024-12,1.0,1.0,0.0,0.0,0.0
Texas,2025-01,0.0,0.0,0.0,0.0,0.0
Texas,2025-02,0.0,0.0,2.0,0.0,0.0
Texas,2025-03,0.0,0.0,8.0,4.0,0.0
Texas,2025-04,0.0,0.0,0.0,3.0,0.0
Texas,2025-05,0.0,0.0,0.0,2.0,2.0
Texas,2025-06,0.0,0.0,0.0,1.0,1.0
Texas,2025-07,0.0,0.0,0.0,0.0,0.0
Texas,2025-08,1.0,1.0,0.0,0.0,0.0
Texas,2025-09,0.0,0.0,0.0,0.0,0.0
Texas,2025-10,3.0,3.0,0.0,0.0,0.0
Texas,2025-11,0.0,0.0,0.0,0.0,0.0
Texas,2025-12,4.0,4.0,0.0,0.0,0.0
Texas,2026-01,1.0,1.0,0.0,0.0,0.0
Texas,2026-02,5.0,4.0,0.0,0.0,0.0
Texas,2026-03,10.0,9.0,0.0,0.0,0.0
Texas,2026-04,4.0,4.0,0.0,0.0,0.0
Texas,2026-05,35.0,11.0,0.0,0.0,0.0
Texas,2026-06,34.0,22.0,0.0,0.0,0.0
Texas,2026-07,83.0,31.0,0.0,0.0,0.0
Texas,2026-08,35.0,20.0,0.0,0.0,0.0
Virginia,2024-01,2.0,2.0,36.0,4.0,0.0
Virginia,2024-02,1.0,1.0,0.0,19.0,3.0
Virginia,2024-03,0.0,0.0,0.0,1.0,1.0
Virginia,2024-04,0.0,0.0,0.0,1.0,0.0
Virginia,2024-05,1.0,1.0,0.0,0.0,0.0
Virginia,2024-06,0.0,0.0,0.0,0.0,0.0
Virginia,2024-07,0.0,0.0,0.0,0.0,0.0
Virginia,2024-08,0.0,0.0,0.0,0.0,0.0
Virginia,2024-09,0.0,0.0,0.0,0.0,0.0
Virginia,2024-10,1.0,1.0,0.0,0.0,0.0
Virginia,2024-11,3.0,1.0,0.0,11.0,0.0
Virginia,2024-12,0.0,0.0,0.0,0.0,0.0
Virginia,2025-01,0.0,0.0,21.0,4.0,0.0
Virginia,2025-02,0.0,0.0,0.0,13.0,1.0
Virginia,2025-03,2.0,2.0,0.0,2.0,4.0
Virginia,2025-04,0.0,0.0,0.0,0.0,0.0
Virginia,2025-05,0.0,0.0,0.0,2.0,0.0
Virginia,2025-06,1.0,1.0,0.0,0.0,0.0
Virginia,2025-07,2.0,2.0,0.0,0.0,0.0
Virginia,2025-08,3.0,3.0,0.0,0.0,0.0
Virginia,2025-09,1.0,1.0,0.0,0.0,0.0
Virginia,2025-10,7.0,7.0,0.0,0.0,0.0
Virginia,2025-11,0.0,0.0,0.0,0.0,0.0
Virginia,2025-12,3.0,3.0,3.0,0.0,0.0
Virginia,2026-01,5.0,3.0,35.0,2.0,0.0
Virginia,2026-02,4.0,3.0,0.0,16.0,4.0
Virginia,2026-03,6.0,5.0,0.0,2.0,6.0
Virginia,2026-04,4.0,4.0,0.0,6.0,0.0
Virginia,2026-05,13.0,6.0,0.0,0.0,0.0
Virginia,2026-06,21.0,11.0,0.0,0.0,0.0
Virginia,2026-07,18.0,17.0,0.0,12.0,0.0
Virginia,2026-08,5.0,5.0,0.0,0.0,0.0
